loc_pair,route,type,intersection,dist,abs_diff
01 01,01 01 driving,driving,01,0.5185643038767366,0
01 01,01 01 walking,walking,01,0.5185643038767366,0
01 02,01 02 driving,driving,01,0.566161650269945,0
01 02,01 02 walking,walking,01,0.566161650269945,0
01 03,01 03 driving,driving,01,0.8694476890828465,0.1407388654626056
01 03,01 03 walking,walking,01,0.7287088236202409,0
01 04,01 04 driving,driving,01,0.8630354926520223,0.12355627254605173
01 04,01 04 walking,walking,01,0.7394792201059706,0
01 05,01 05 driving,driving,01,0.9419604741151679,0.2654450652317124
01 05,01 05 walking,walking,01,0.6765154088834555,0
01 06,01 06 driving,driving,01,0.6163796268546767,0.01220500976861627
01 06,01 06 walking,walking,01,0.6041746170860605,0
01 07,01 07 driving,driving,01,0.5955790423094416,0.10036110406936499
01 07,01 07 walking,walking,01,0.4952179382400766,0
01 08,01 08 driving,driving,01,0.5006306833852844,0.16490934000416868
01 08,01 08 walking,walking,01,0.3357213433811157,0
01 09,01 09 driving,driving,01,0.545249497097519,0.11431179692087445
01 09,01 09 walking,walking,01,0.43093770017664457,0
01 10,01 10 driving,driving,01,0.6449945499082866,0.18502036152993545
01 10,01 10 walking,walking,01,0.4599741883783512,0
01 11,01 11 driving,driving,01,0.9498954668534405,0.2565793587838766
01 11,01 11 walking,walking,01,0.6933161080695639,0
01 12,01 12 driving,driving,01,0.903133041796746,0.11269555021941846
01 12,01 12 walking,walking,01,0.7904374915773276,0
01 13,01 13 driving,driving,01,0.7957807664609355,0.07539962311283444
01 13,01 13 walking,walking,01,0.7203811433481011,0
01 14,01 14 driving,driving,01,0.9048200233334053,0.05701253487162883
01 14,01 14 walking,walking,01,0.8478074884617764,0
01 15,01 15 driving,driving,01,0.7431000400067053,0.04083920176565359
01 15,01 15 walking,walking,01,0.7022608382410517,0
01 16,01 16 driving,driving,01,0.7128232488757047,0.049190055351762796
01 16,01 16 walking,walking,01,0.6636331935239419,0
01 17,01 17 driving,driving,01,0.6314342685409418,0.12097051786048385
01 17,01 17 walking,walking,01,0.5104637506804579,0
01 18,01 18 driving,driving,01,0.5786662521634737,0.12990637784990622
01 18,01 18 walking,walking,01,0.44875987431356745,0
01 19,01 19 driving,driving,01,0.9787459568995571,0.2585006728368979
01 19,01 19 walking,walking,01,0.7202452840626592,0
01 20,01 20 driving,driving,01,0.7021232612511664,0.10474408092775989
01 20,01 20 walking,walking,01,0.5973791803234065,0
01 21,01 21 driving,driving,01,1.1939143080916348,0.34980729546875156
01 21,01 21 walking,walking,01,0.8441070126228832,0
01 22,01 22 driving,driving,01,0.7766268698353772,0
01 22,01 22 walking,walking,01,0.8298272684343555,0.053200398598978293
01 23,01 23 driving,driving,01,0.8226574535606258,0.012851411940595803
01 23,01 23 walking,walking,01,0.80980604162003,0
01 24,01 24 driving,driving,01,1.2724738683168872,0.3400563700739204
01 24,01 24 walking,walking,01,0.9324174982429668,0
01 25,01 25 driving,driving,01,0.8411549203137864,0.032482627583965695
01 25,01 25 walking,walking,01,0.8086722927298207,0
01 26,01 26 driving,driving,01,1.246104523922805,0.41280726882245655
01 26,01 26 walking,walking,01,0.8332972551003485,0
01 27,01 27 driving,driving,01,0.688612429118951,0
01 27,01 27 walking,walking,01,0.7139177860403639,0.02530535692141289
01 28,01 28 driving,driving,01,0.5644745105915219,0.03750514104497349
01 28,01 28 walking,walking,01,0.5269693695465484,0
01 29,01 29 driving,driving,01,1.3576576980616775,0.5854813289226929
01 29,01 29 walking,walking,01,0.7721763691389846,0
01 30,01 30 driving,driving,01,1.0723773438149922,0.029529970553606733
01 30,01 30 walking,walking,01,1.0428473732613854,0
01 31,01 31 driving,driving,01,1.1584713480036177,0.19872971632128855
01 31,01 31 walking,walking,01,0.9597416316823292,0
01 32,01 32 driving,driving,01,1.2454467910668254,0.24461574823919352
01 32,01 32 walking,walking,01,1.000831042827632,0
02 01,02 01 driving,driving,02,0.5772275058812504,0.0511149495810832
02 01,02 01 walking,walking,02,0.5261125563001672,0
02 02,02 02 driving,driving,02,0.6248231457832427,0.05278482286307851
02 02,02 02 walking,walking,02,0.5720383229201642,0
02 03,02 03 driving,driving,02,0.9281210193429937,0.26010858172243256
02 03,02 03 walking,walking,02,0.6680124376205612,0
02 04,02 04 driving,driving,02,0.9216981606867578,0.24291507024552628
02 04,02 04 walking,walking,02,0.6787830904412315,0
02 05,02 05 driving,driving,02,1.0006363213737477,0.3844137828601403
02 05,02 05 walking,walking,02,0.6162225385136074,0
02 06,02 06 driving,driving,02,0.6753742177262441,0.11700903252579553
02 06,02 06 walking,walking,02,0.5583651852004485,0
02 07,02 07 driving,driving,02,0.6542440428621012,0.20483553650763658
02 07,02 07 walking,walking,02,0.44940850635446467,0
02 08,02 08 driving,driving,02,0.5593011245866621,0.18208534162922702
02 08,02 08 walking,walking,02,0.37721578295743513,0
02 09,02 09 driving,driving,02,0.6039754046792015,0.23333154957826868
02 09,02 09 walking,walking,02,0.37064385510093284,0
02 10,02 10 driving,driving,02,0.7036573186670668,0.3039751195071813
02 10,02 10 walking,walking,02,0.3996821991598855,0
02 11,02 11 driving,driving,02,1.0086328417853705,0.3756098662480235
02 11,02 11 walking,walking,02,0.633022975537347,0
02 12,02 12 driving,driving,02,0.9618235206288932,0.23187345665696568
02 12,02 12 walking,walking,02,0.7299500639719275,0
02 13,02 13 driving,driving,02,0.735572168928508,0.0755215580805545
02 13,02 13 walking,walking,02,0.6600506108479535,0
02 14,02 14 driving,driving,02,0.9635146785983879,0.17599998169133424
02 14,02 14 walking,walking,02,0.7875146969070537,0
02 15,02 15 driving,driving,02,0.6828929544378113,0.040667424920561746
02 15,02 15 walking,walking,02,0.6422255295172495,0
02 16,02 16 driving,driving,02,0.6526183559888226,0.04838753375687499
02 16,02 16 walking,walking,02,0.6042308222319476,0
02 17,02 17 driving,driving,02,0.5712209657547045,0.1210787397288201
02 17,02 17 walking,walking,02,0.4501422260258844,0
02 18,02 18 driving,driving,02,0.5183695776994551,0.1299221682302868
02 18,02 18 walking,walking,02,0.38844740946916834,0
02 19,02 19 driving,driving,02,1.0374670464265527,0.25549582030571893
02 19,02 19 walking,walking,02,0.7819712261208338,0
02 20,02 20 driving,driving,02,0.7607836851140407,0.1016785445977646
02 20,02 20 walking,walking,02,0.6591051405162761,0
02 21,02 21 driving,driving,02,1.133661048680367,0.34987820474721554
02 21,02 21 walking,walking,02,0.7837828439331516,0
02 22,02 22 driving,driving,02,0.8352891661623078,0.06577630665975098
02 22,02 22 walking,walking,02,0.7695128595025568,0
02 23,02 23 driving,driving,02,0.8814743060177701,0.010021353194574645
02 23,02 23 walking,walking,02,0.8714529528231955,0
02 24,02 24 driving,driving,02,1.212151961557222,0.3396261615916071
02 24,02 24 walking,walking,02,0.872525799965615,0
02 25,02 25 driving,driving,02,0.7809481723553232,0.03251546005914008
02 25,02 25 walking,walking,02,0.7484327122961831,0
02 26,02 26 driving,driving,02,1.0937630865714536,0.3209269810726596
02 26,02 26 walking,walking,02,0.772836105498794,0
02 27,02 27 driving,driving,02,0.6284062386413838,0
02 27,02 27 walking,walking,02,0.653547465884085,0.02514122724270118
02 28,02 28 driving,driving,02,0.5040147890350372,0.037407464546595826
02 28,02 28 walking,walking,02,0.46660732448844133,0
02 29,02 29 driving,driving,02,1.2054155109764664,0.4939910917767638
02 29,02 29 walking,walking,02,0.7114244191997026,0
02 30,02 30 driving,driving,02,1.0124436881672294,0.030094190179424718
02 30,02 30 walking,walking,02,0.9823494979878047,0
02 31,02 31 driving,driving,02,1.2171087970705767,0.3175776313007561
02 31,02 31 walking,walking,02,0.8995311657698206,0
02 32,02 32 driving,driving,02,1.3037507765926328,0.36327574591454537
02 32,02 32 walking,walking,02,0.9404750306780875,0
03 01,03 01 driving,driving,03,0.6626855444741975,0.05446725944257802
03 01,03 01 walking,walking,03,0.6082182850316195,0
03 02,03 02 driving,driving,03,0.710282890867406,0.05645298803468368
03 02,03 02 walking,walking,03,0.6538299028327224,0
03 03,03 03 driving,driving,03,1.013568915141701,0.26259352773442746
03 03,03 03 walking,walking,03,0.7509753874072737,0
03 04,03 04 driving,driving,03,1.007156718710877,0.24753565731332028
03 04,03 04 walking,walking,03,0.7596210613975567,0
03 05,03 05 driving,driving,03,1.0860817001740226,0.3885765215841974
03 05,03 05 walking,walking,03,0.6975051785898252,0
03 06,03 06 driving,driving,03,0.7604340073550269,0.12027724224202019
03 06,03 06 walking,walking,03,0.6401567651130067,0
03 07,03 07 driving,driving,03,0.7397002829069025,0.20645074716615297
03 07,03 07 walking,walking,03,0.5332495357407495,0
03 08,03 08 driving,driving,03,0.6447525963729678,0.18208863619698168
03 08,03 08 walking,walking,03,0.4626639601759861,0
03 09,03 09 driving,driving,03,0.6538746679174844,0.19940324969062695
03 09,03 09 walking,walking,03,0.45447141822685744,0
03 10,03 10 driving,driving,03,0.7891157905057476,0.38669252151215355
03 10,03 10 walking,walking,03,0.4024232689935941,0
03 11,03 11 driving,driving,03,1.0940145480393209,0.45112843092199006
03 11,03 11 walking,walking,03,0.6428861171173308,0
03 12,03 12 driving,driving,03,1.0472572914380123,0.35995500690819193
03 12,03 12 walking,walking,03,0.6873022845298203,0
03 13,03 13 driving,driving,03,0.6517527388307411,0.03450680253014726
03 13,03 13 walking,walking,03,0.6172459363005939,0
03 14,03 14 driving,driving,03,1.0489388663709163,0.2696687419287601
03 14,03 14 walking,walking,03,0.7792701244421562,0
03 15,03 15 driving,driving,03,0.5990637839362593,0
03 15,03 15 walking,walking,03,0.6005454104499315,0.0014816265136722295
03 16,03 16 driving,driving,03,0.568787109727059,0.008289123250624364
03 16,03 16 walking,walking,03,0.5604979864764347,0
03 17,03 17 driving,driving,03,0.48739250705417436,0.08006396342122374
03 17,03 17 walking,walking,03,0.4073285436329506,0
03 18,03 18 driving,driving,03,0.434541118998925,0.1008950888711404
03 18,03 18 walking,walking,03,0.3336460301277846,0
03 19,03 19 driving,driving,03,1.122840947759022,0.25975486523571245
03 19,03 19 walking,walking,03,0.8630860825233095,0
03 20,03 20 driving,driving,03,0.8462440618376212,0.10332786711427022
03 20,03 20 walking,walking,03,0.742916194723351,0
03 21,03 21 driving,driving,03,1.0498426601121111,0.23575062199277885
03 21,03 21 walking,walking,03,0.8140920381193323,0
03 22,03 22 driving,driving,03,0.9207486042630691,0.12092655057433166
03 22,03 22 walking,walking,03,0.7998220536887375,0
03 23,03 23 driving,driving,03,0.9667606166765479,0.06551410081744147
03 23,03 23 walking,walking,03,0.9012465158591064,0
03 24,03 24 driving,driving,03,1.1282427138248,0.22539761347539278
03 24,03 24 walking,walking,03,0.9028451003494071,0
03 25,03 25 driving,driving,03,0.6971274104900048,0
03 25,03 25 walking,walking,03,0.6986063689631766,0.0014789584731718097
03 26,03 26 driving,driving,03,1.0099346278709236,0.2835698309434852
03 26,03 26 walking,walking,03,0.7263647969274384,0
03 27,03 27 driving,driving,03,0.5445761340284697,0
03 27,03 27 walking,walking,03,0.6107825789928567,0.06620644496438699
03 28,03 28 driving,driving,03,0.41954022260490376,0.0049709751850053885
03 28,03 28 walking,walking,03,0.41456924741989837,0
03 29,03 29 driving,driving,03,1.1215870522759361,0.4566339416475893
03 29,03 29 walking,walking,03,0.6649531106283468,0
03 30,03 30 driving,driving,03,0.9286252995989734,0
03 30,03 30 walking,walking,03,0.9397121662138782,0.011086866614904767
03 31,03 31 driving,driving,03,1.302593197878145,0.4063026283121526
03 31,03 31 walking,walking,03,0.8962905695659925,0
03 32,03 32 driving,driving,03,1.389307500821731,0.49161166504160647
03 32,03 32 walking,walking,03,0.8976958357801246,0
04 01,04 01 driving,driving,04,0.7479345091465391,0.07150720184053982
04 01,04 01 walking,walking,04,0.6764273073059993,0
04 02,04 02 driving,driving,04,0.7955301490485316,0.07349208984414823
04 02,04 02 walking,walking,04,0.7220380592043834,0
04 03,04 03 driving,driving,04,1.0988281944540188,0.2796097281731307
04 03,04 03 walking,walking,04,0.8192184662808881,0
04 04,04 04 driving,driving,04,1.0924017453877577,0.2642821705966081
04 04,04 04 walking,walking,04,0.8281195747911496,0
04 05,04 05 driving,driving,04,1.1713434964847727,0.40562550978011724
04 05,04 05 walking,walking,04,0.7657179867046554,0
04 06,04 06 driving,driving,04,0.845772721902412,0.1373107182457317
04 06,04 06 walking,walking,04,0.7084620036566803,0
04 07,04 07 driving,driving,04,0.8249510461273901,0.20737733726962815
04 07,04 07 walking,walking,04,0.617573708857762,0
04 08,04 08 driving,driving,04,0.7310472297754435,0.1820816069239054
04 08,04 08 walking,walking,04,0.548965622851538,0
04 09,04 09 driving,driving,04,0.5767308057412531,0.03595772483884374
04 09,04 09 walking,walking,04,0.5407730809024094,0
04 10,04 10 driving,driving,04,0.8743643219323557,0.4037440528051694
04 10,04 10 walking,walking,04,0.4706202691271863,0
04 11,04 11 driving,driving,04,1.146360481830107,0.4353558131755775
04 11,04 11 walking,walking,04,0.7110046686545295,0
04 12,04 12 driving,driving,04,1.1325138025803274,0.37697764877923023
04 12,04 12 walking,walking,04,0.7555361538010972,0
04 13,04 13 driving,driving,04,0.5745574098803073,0
04 13,04 13 walking,walking,04,0.5782334926932937,0.00367608281298637
04 14,04 14 driving,driving,04,1.134204120427641,0.28932361151524677
04 14,04 14 walking,walking,04,0.8448805089123942,0
04 15,04 15 driving,driving,04,0.5218770257640865,0
04 15,04 15 walking,walking,04,0.5226752181469213,7.981923828348503e-4
04 16,04 16 driving,driving,04,0.49160032538610243,0
04 16,04 16 walking,walking,04,0.5344204018261027,0.0428200764400003
04 17,04 17 driving,driving,04,0.4101891969736952,0
04 17,04 17 walking,walking,04,0.42742709320730593,0.017237896233610717
04 18,04 18 driving,driving,04,0.3571471121253367,0.003861590659772207
04 18,04 18 walking,walking,04,0.35328552146556447,0
04 19,04 19 driving,driving,04,1.2081289814088707,0.2768580386429599
04 19,04 19 walking,walking,04,0.9312709427659108,0
04 20,04 20 driving,driving,04,0.9314908604194254,0.12242170994665758
04 20,04 20 walking,walking,04,0.8090691504727678,0
04 21,04 21 driving,driving,04,0.9729612321117586,0.09059550275753026
04 21,04 21 walking,walking,04,0.8823657293542283,0
04 22,04 22 driving,driving,04,1.0059963431126455,0.137895836049295
04 22,04 22 walking,walking,04,0.8681005070633505,0
04 23,04 23 driving,driving,04,1.0523213340141515,0.08275241741930506
04 23,04 23 walking,walking,04,0.9695689165948465,0
04 24,04 24 driving,driving,04,1.0514566007912716,0.08072201030158299
04 24,04 24 walking,walking,04,0.9707345904896886,0
04 25,04 25 driving,driving,04,0.6199327853828996,0
04 25,04 25 walking,walking,04,0.6207304360644332,7.976506815335904e-4
04 26,04 26 driving,driving,04,0.9328369461297683,0.28444226596493194
04 26,04 26 walking,walking,04,0.6483946801648364,0
04 27,04 27 driving,driving,04,0.4673894099109955,0
04 27,04 27 walking,walking,04,0.5269943509325469,0.059604941021551394
04 28,04 28 driving,driving,04,0.342939972365174,0.006039585549220294
04 28,04 28 walking,walking,04,0.3369003868159537,0
04 29,04 29 driving,driving,04,1.0443901202686408,0.4575471995076459
04 29,04 29 walking,walking,04,0.5868429207609949,0
04 30,04 30 driving,driving,04,0.8509651814814072,0
04 30,04 30 walking,walking,04,0.8643182970388201,0.01335311555741292
04 31,04 31 driving,driving,04,1.387734263530293,0.4646560286863357
04 31,04 31 walking,walking,04,0.9230782348439572,0
04 32,04 32 driving,driving,04,1.4740255188038984,0.5493090689443032
04 32,04 32 walking,walking,04,0.9247164498595952,0
05 01,05 01 driving,driving,05,0.8158100031883468,0.07183008171852545
05 01,05 01 walking,walking,05,0.7439799214698214,0
05 02,05 02 driving,driving,05,0.8634073495815554,0.07381581031063111
05 02,05 02 walking,walking,05,0.7895915392709243,0
05 03,05 03 driving,driving,05,1.1666933738558505,0.27993553700976437
05 03,05 03 walking,walking,05,0.8867578368460861,0
05 04,05 04 driving,driving,05,1.1602811774250263,0.26480059043904347
05 04,05 04 walking,walking,05,0.8954805869859829,0
05 05,05 05 driving,driving,05,1.239206158888172,0.40589234684735
05 05,05 05 walking,walking,05,0.833313812040822,0
05 06,05 06 driving,driving,05,0.9133928549710486,0.1377069246150785
05 06,05 06 walking,walking,05,0.7756859303559701,0
05 07,05 07 driving,driving,05,0.8928247416210519,0.20767989913471763
05 07,05 07 walking,walking,05,0.6851448424863342,0
05 08,05 08 driving,driving,05,0.798811648107823,0.18206423366755764
05 08,05 08 walking,walking,05,0.6167474144402654,0
05 09,05 09 driving,driving,05,0.6445625634531488,0.036010695886501964
05 09,05 09 walking,walking,05,0.6085518675666468,0
05 10,05 10 driving,driving,05,0.9422402492198969,0.404049125065045
05 10,05 10 walking,walking,05,0.5381911241548519,0
05 11,05 11 driving,driving,05,1.2139404209305849,0.4352955505022442
05 11,05 11 walking,walking,05,0.7786448704283406,0
05 12,05 12 driving,driving,05,1.2003817501521616,0.377477607416584
05 12,05 12 walking,walking,05,0.8229041427355777,0
05 13,05 13 driving,driving,05,0.6424406343664056,0
05 13,05 13 walking,walking,05,0.6457714550113811,0.003330820644975474
05 14,05 14 driving,driving,05,1.2020633250850656,0.2895359848689739
05 14,05 14 walking,walking,05,0.9125273402160917,0
05 15,05 15 driving,driving,05,0.5897516794719236,0
05 15,05 15 walking,walking,05,0.59028260898321006,5.309295112864154e-4
05 16,05 16 driving,driving,05,0.5594750052627234,0
05 16,05 16 walking,walking,05,0.6026445033902029,0.0431694981274795
05 17,05 17 driving,driving,05,0.47808040258983875,0
05 17,05 17 walking,walking,05,0.49503517427729143,0.016954771687452685
05 18,05 18 driving,driving,05,0.42522901453458944,0.0042907996036741225
05 18,05 18 walking,walking,05,0.4209382149309153,0
05 19,05 19 driving,driving,05,1.2759654064731714,0.27712707129598557
05 19,05 19 walking,walking,05,0.9988383351771858,0
05 20,05 20 driving,driving,05,0.9993685205517706,0.12275412524477403
05 20,05 20 walking,walking,05,0.8766143953069966,0
05 21,05 21 driving,driving,05,1.0405305556477755,0.09062103759204487
05 21,05 21 walking,walking,05,0.9499095180557307,0
05 22,05 22 driving,driving,05,1.0738723981497345,0.13824262428253153
05 22,05 22 walking,walking,05,0.9356297738672029,0
05 23,05 23 driving,driving,05,1.119440251725395,0.08299518156024321
05 23,05 23 walking,walking,05,1.0364450701651517,0
05 24,05 24 driving,driving,05,1.1189306093604645,0.08104783004441662
05 24,05 24 walking,walking,05,1.0378827793160479,0
05 25,05 25 driving,driving,05,0.6878153060256692,0
05 25,05 25 walking,walking,05,0.6883435674964552,5.282614707859956e-4
05 26,05 26 driving,driving,05,0.8743711136588309,0.30293156523632936
05 26,05 26 walking,walking,05,0.5714395484225016,0
05 27,05 27 driving,driving,05,0.5352640295641341,0
05 27,05 27 walking,walking,05,0.5804688077421756,0.04520477817804147
05 28,05 28 driving,driving,05,0.4102281181405682,0.07364844612086197
05 28,05 28 walking,walking,05,0.33657967201970623,0
05 29,05 29 driving,driving,05,0.9859242877977032,0.4113268279059715
05 29,05 29 walking,walking,05,0.5745974598917317,0
05 30,05 30 driving,driving,05,0.9193131951346378,0
05 30,05 30 walking,walking,05,0.9322674392882201,0.012954244153582262
05 31,05 31 driving,driving,05,1.4557175210628446,0.4648731396978262
05 31,05 31 walking,walking,05,0.9908443813650184,0
05 32,05 32 driving,driving,05,1.5425790386635934,0.5501298926476924
05 32,05 32 walking,walking,05,0.992449146015901,0
06 01,06 01 driving,driving,06,0.8526693861565888,0.13323867958547375
06 01,06 01 walking,walking,06,0.7194307065711151,0
06 02,06 02 driving,driving,06,0.9002667325497974,0.13522527408029827
06 02,06 02 walking,walking,06,0.7650414584694991,0
06 03,06 03 driving,driving,06,1.203553035426504,0.3813227069275129
06 03,06 03 walking,walking,06,0.8222303284989911,0
06 04,06 04 driving,driving,06,1.1971408389956797,0.3248689585886493
06 04,06 04 walking,walking,06,0.8722718804070304,0
06 05,06 05 driving,driving,06,1.4805989712652614,0.7118126675715343
06 05,06 05 walking,walking,06,0.7687863036937271,0
06 06,06 06 driving,driving,06,0.950484709134529,0.1990193062127329
06 06,06 06 walking,walking,06,0.7514654029217961,0
06 07,06 07 driving,driving,06,0.9296841245892938,0.24976454186971908
06 07,06 07 walking,walking,06,0.6799195827195748,0
06 08,06 08 driving,driving,06,0.88384410616325,0.2202579911126431
06 08,06 08 walking,walking,06,0.6635861150506069,0
06 09,06 09 driving,driving,06,0.6814240756102972,0.04214045520018184
06 09,06 09 walking,walking,06,0.6392836204101153,0
06 10,06 10 driving,driving,06,0.9790996321881389,0.4468403784389192
06 10,06 10 walking,walking,06,0.5322592537492197,0
06 11,06 11 driving,driving,06,1.2989402204166185,0.5891663101338518
06 11,06 11 walking,walking,06,0.7097739102827667,0
06 12,06 12 driving,driving,06,1.25218296381531,0.5126597962322903
06 12,06 12 walking,walking,06,0.7395231675830196,0
06 13,06 13 driving,driving,06,0.7273993444763923,0.12632541230490335
06 13,06 13 walking,walking,06,0.601073932171489,0
06 14,06 14 driving,driving,06,1.253864538748214,0.422340978861643
06 14,06 14 walking,walking,06,0.8315235598865709,0
06 15,06 15 driving,driving,06,0.674718618022162,0.12913720318463395
06 15,06 15 walking,walking,06,0.5455814148375281,0
06 16,06 16 driving,driving,06,0.6444418268911615,0.08523524861047449
06 16,06 16 walking,walking,06,0.559206578280687,0
06 17,06 17 driving,driving,06,0.5149419275381709,0.025135536881737253
06 17,06 17 walking,walking,06,0.48980639065643367,0
06 18,06 18 driving,driving,06,0.5102848301789304,0.04472609836716379
06 18,06 18 walking,walking,06,0.46555873181176666,0
06 19,06 19 driving,driving,06,1.3128493138230033,0.3785384869929125
06 19,06 19 walking,walking,06,0.9343108268300908,0
06 20,06 20 driving,driving,06,1.085326817036535,0.2332542672986515
06 20,06 20 walking,walking,06,0.8520725497378836,0
06 21,06 21 driving,driving,06,1.1255328861070917,0.2590157720648063
06 21,06 21 walking,walking,06,0.8665171140422854,0
06 22,06 22 driving,driving,06,1.159836314411127,0.30759894455736936
06 22,06 22 walking,walking,06,0.8522373698537576,0
06 23,06 23 driving,driving,06,1.2056730276740875,0.2526203615223809
06 23,06 23 walking,walking,06,0.9530526661517066,0
06 24,06 24 driving,driving,06,1.204092446332344,0.2492527234059383
06 24,06 24 walking,walking,06,0.9548397229264056,0
06 25,06 25 driving,driving,06,0.7727734983292431,0.12912432678651953
06 25,06 25 walking,walking,06,0.6436491715427236,0
06 26,06 26 driving,driving,06,0.7928610913392083,0.2605312549030372
06 26,06 26 walking,walking,06,0.5323298364361712,0
06 27,06 27 driving,driving,06,0.6202310071344078,0.07898132145539916
06 27,06 27 walking,walking,06,0.5412496856790087,0
06 28,06 28 driving,driving,06,0.49609308860697865,0.18854490298026977
06 28,06 28 walking,walking,06,0.3075481856267089,0
06 29,06 29 driving,driving,06,0.904513515744221,0.36936683335894205
06 29,06 29 walking,walking,06,0.535146682385279,0
06 30,06 30 driving,driving,06,1.003995921830449,0.116426005382121
06 30,06 30 walking,walking,06,0.8875699164483281,0
06 31,06 31 driving,driving,06,1.5416519590128954,0.5955051004877691
06 31,06 31 walking,walking,06,0.9461468585251264,0
06 32,06 32 driving,driving,06,1.6282939385349517,0.6805423153589428
06 32,06 32 walking,walking,06,0.9477516231760089,0
07 01,07 01 driving,driving,07,0.8347562735041566,0.11545587749233632
07 01,07 01 walking,walking,07,0.7193003960118203,0
07 02,07 02 driving,driving,07,0.882353619897365,0.11744247198716073
07 02,07 02 walking,walking,07,0.7649111479102043,0
07 03,07 03 driving,driving,07,1.1856399227740717,0.36353990483437537
07 03,07 03 walking,walking,07,0.8221000179396963,0
07 04,07 04 driving,driving,07,1.1792277263432476,0.30708615649551196
07 04,07 04 walking,walking,07,0.8721415698477356,0
07 05,07 05 driving,driving,07,1.2581527078063932,0.489496714671961
07 05,07 05 walking,walking,07,0.7686559931344322,0
07 06,07 06 driving,driving,07,0.9325715964820968,0.18123650411959547
07 06,07 06 walking,walking,07,0.7513350923625013,0
07 07,07 07 driving,driving,07,0.9117710119368616,0.2081598663416001
07 07,07 07 walking,walking,07,0.7036111455952615,0
07 08,07 08 driving,driving,07,1.1558183304175236,0.4843942616776913
07 08,07 08 walking,walking,07,0.6714240687398323,0
07 09,07 09 driving,driving,07,0.6635109629578649,0.03832515152400917
07 09,07 09 walking,walking,07,0.6251858114338558,0
07 10,07 10 driving,driving,07,0.9611865195357067,0.40523217905670206
07 10,07 10 walking,walking,07,0.5559543404790046,0
07 11,07 11 driving,driving,07,1.2660877005446658,0.5564441008211939
07 11,07 11 walking,walking,07,0.7096435997234719,0
07 12,07 12 driving,driving,07,1.2193252754879713,0.4799324184642465
07 12,07 12 walking,walking,07,0.7393928570237248,0
07 13,07 13 driving,driving,07,0.6613912252174177,0.0604476036052235
07 13,07 13 walking,walking,07,0.6009436216121942,0
07 14,07 14 driving,driving,07,1.2210122570246305,0.38961900769735436
07 14,07 14 walking,walking,07,0.8313932493272761,0
07 15,07 15 driving,driving,07,0.6087054698538887,0.06325436557565545
07 15,07 15 walking,walking,07,0.5454511042782333,0
07 16,07 16 driving,driving,07,0.5784308714049,0.01935460368350783
07 16,07 16 walking,walking,07,0.5590762677213922,0
07 17,07 17 driving,driving,07,0.4970288148857387,0
07 17,07 17 walking,walking,07,0.5135014773862187,0.016472662500479962
07 18,07 18 driving,driving,07,0.6218956985159907,0.14600736044835783
07 18,07 18 walking,walking,07,0.47588833806763287,0
07 19,07 19 driving,driving,07,1.2949362011705712,0.36075568489977516
07 19,07 19 walking,walking,07,0.934180516270796,0
07 20,07 20 driving,driving,07,1.0183152308785863,0.16637299169999753
07 20,07 20 walking,walking,07,0.8519422391785888,0
07 21,07 21 driving,driving,07,1.059524766848117,0.19313796336512645
07 21,07 21 walking,walking,07,0.8663868034829905,0
07 22,07 22 driving,driving,07,1.0928191035266026,0.24071204423213988
07 22,07 22 walking,walking,07,0.8521070592944627,0
07 23,07 23 driving,driving,07,1.138849687251851,0.1859273316594392
07 23,07 23 walking,walking,07,0.9529223555924118,0
07 24,07 24 driving,driving,07,1.1380843270733692,0.18337491470625844
07 24,07 24 walking,walking,07,0.9547094123671107,0
07 25,07 25 driving,driving,07,0.7067653790702684,0.06324651808683956
07 25,07 25 walking,walking,07,0.6435188609834288,0
07 26,07 26 driving,driving,07,0.7749479786867761,0.25741845653797735
07 26,07 26 walking,walking,07,0.5175295221487988,0
07 27,07 27 driving,driving,07,0.5542187540574612,0.027659972588988446
07 27,07 27 walking,walking,07,0.5265587814684728,0
07 28,07 28 driving,driving,07,0.6080864632684204,0.30066858820100634
07 28,07 28 walking,walking,07,0.3074178750674141,0
07 29,07 29 driving,driving,07,0.8866004030917887,0.3658833607600537
07 29,07 29 walking,walking,07,0.520717042331735,0
07 30,07 30 driving,driving,07,0.9379878025714743,0.05054819668244115
07 30,07 30 walking,walking,07,0.8874396058890331,0
07 31,07 31 driving,driving,07,1.474663581694843,0.5286470337290115
07 31,07 31 walking,walking,07,0.9460165479658316,0
07 32,07 32 driving,driving,07,1.5616390247580507,0.6140177121413367
07 32,07 32 walking,walking,07,0.947621312616714,0
08 01,08 01 driving,driving,08,0.4406190897453572,0
08 01,08 01 walking,walking,08,0.4406190897453572,0
08 02,08 02 driving,driving,08,0.4882147296473496,0
08 02,08 02 walking,walking,08,0.4882147296473496,0
08 03,08 03 driving,driving,08,0.7915127535530071,0.14391726120535853
08 03,08 03 walking,walking,08,0.6475954923476486,0
08 04,08 04 driving,driving,08,0.7850898948967713,0.08585350081175169
08 04,08 04 walking,walking,08,0.6992363940850196,0
08 05,08 05 driving,driving,08,0.8640280555837612,0.23333339428168165
08 05,08 05 walking,walking,08,0.6306946613020795,0
08 06,08 06 driving,driving,08,0.5388237994217838,0.00454228283007152
08 06,08 06 walking,walking,08,0.5342815165917123,0
08 07,08 07 driving,driving,08,0.5176356267262081,0.09231078898047973
08 07,08 07 walking,walking,08,0.4253248377457284,0
08 08,08 08 driving,driving,08,0.42269270845076895,0.07457290033970643
08 08,08 08 walking,walking,08,0.3481198081110625,0
08 09,08 09 driving,driving,08,0.4673669885433084,0.022030006648835365
08 09,08 09 walking,walking,08,0.445336981894473,0
08 10,08 10 driving,driving,08,0.5670489025311737,0.09267355914265624
08 10,08 10 walking,walking,08,0.47437534338851745,0
08 11,08 11 driving,driving,08,0.872024575995384,0.16427203857406691
08 11,08 11 walking,walking,08,0.707752537421317,0
08 12,08 12 driving,driving,08,0.8252152548389066,0.020237724103278065
08 12,08 12 walking,walking,08,0.8049775307356285,0
08 13,08 13 driving,driving,08,0.8099567504161188,0.07510936899773724
08 13,08 13 walking,walking,08,0.7348473814183816,0
08 14,08 14 driving,driving,08,0.8269064128084013,0
08 14,08 14 walking,walking,08,0.8621728170612499,0.03526640425284866
08 15,08 15 driving,driving,08,0.7572700380703099,0.0404799605398356
08 15,08 15 walking,walking,08,0.7167900775304743,0
08 16,08 16 driving,driving,08,0.7269932469393092,0.0491659218272712
08 16,08 16 walking,walking,08,0.677827325112038,0
08 17,08 17 driving,driving,08,0.6446905156484707,0.11972278435213368
08 17,08 17 walking,walking,08,0.524967731296337,0
08 18,08 18 driving,driving,08,0.6578120316765623,0.1944344300131241
08 18,08 18 walking,walking,08,0.4633776016634382,0
08 19,08 19 driving,driving,08,0.7964771349254903,0.24953627012704416
08 19,08 19 walking,walking,08,0.5469408647984462,0
08 20,08 20 driving,driving,08,0.6241754193240541,0.2000994547008349
08 20,08 20 walking,walking,08,0.42407596462321917,0
08 21,08 21 driving,driving,08,1.208090292046818,0.41741440908561656
08 21,08 21 walking,walking,08,0.7906758829612014,0
08 22,08 22 driving,driving,08,0.6986849166986459,0
08 22,08 22 walking,walking,08,0.7472810577453122,0.04859614104666632
08 23,08 23 driving,driving,08,0.7445216299616064,0.0133411047004246
08 23,08 23 walking,walking,08,0.7311805252611818,0
08 24,08 24 driving,driving,08,1.2866498522720704,0.33974595652872275
08 24,08 24 walking,walking,08,0.9469038957433477,0
08 25,08 25 driving,driving,08,0.8553309042689695,0.03192157616899027
08 25,08 25 walking,walking,08,0.8234093280999792,0
08 26,08 26 driving,driving,08,1.1684167301113952,0.3206187524283868
08 26,08 26 walking,walking,08,0.8477979776830085,0
08 27,08 27 driving,driving,08,0.7027824271825557,0
08 27,08 27 walking,walking,08,0.7284399621524477,0.025657534969891982
08 28,08 28 driving,driving,08,0.5774843389288035,0.035339993749804344
08 28,08 28 walking,walking,08,0.5421443451789991,0
08 29,08 29 driving,driving,08,1.2800634516081137,0.4938254943980802
08 29,08 29 walking,walking,08,0.7862379572100335,0
08 30,08 30 driving,driving,08,1.0865533277701753,0.02830397304379062
08 30,08 30 walking,walking,08,1.0582493547263847,0
08 31,08 31 driving,driving,08,1.0805005613004144,0.10614711642481611
08 31,08 31 walking,walking,08,0.9743534448755983,0
08 32,08 32 driving,driving,08,1.1671425408224705,0.15168630218030232
08 32,08 32 walking,walking,08,1.0154562386421682,0
09 01,09 01 driving,driving,09,0.322761279835739,0.004178493725004062
09 01,09 01 walking,walking,09,0.31858278611073493,0
09 02,09 02 driving,driving,09,0.37035586780468394,0.004177441791956615
09 02,09 02 walking,walking,09,0.3661784260127273,0
09 03,09 03 driving,driving,09,0.6715858486554476,0.15410946047529828
09 03,09 03 walking,walking,09,0.5174763881801493,0
09 04,09 04 driving,driving,09,0.6651736522246233,0.09605636230710302
09 04,09 04 walking,walking,09,0.5691172899175203,0
09 05,09 05 driving,driving,09,0.744098633687769,0.23405793843883171
09 05,09 05 walking,walking,09,0.5100406952489372,0
09 06,09 06 driving,driving,09,0.42059844065856444,0.016648058364558793
09 06,09 06 walking,walking,09,0.40395038229400565,0
09 07,09 07 driving,driving,09,0.39977781681658997,0.10455164217332974
09 07,09 07 walking,walking,09,0.29522617464326023,0
09 08,09 08 driving,driving,09,0.30065163272675594,0.07067099043851177
09 08,09 08 walking,walking,09,0.22998064228824416,0
09 09,09 09 driving,driving,09,0.3453259128192953,0.017836188336520897
09 09,09 09 walking,walking,09,0.3274897244827744,0
09 10,09 10 driving,driving,09,0.44919109262155554,0.09689501573532777
09 10,09 10 walking,walking,09,0.35229607688622777,0
09 11,09 11 driving,driving,09,0.7520336264260415,0.16639633910065577
09 11,09 11 walking,walking,09,0.5856372873253858,0
09 12,09 12 driving,driving,09,0.7052712013693471,0.026915741631181045
09 12,09 12 walking,walking,09,0.678355459738166,0
09 13,09 13 driving,driving,09,0.6879187502208726,0.03643535022776134
09 13,09 13 walking,walking,09,0.6514833999931112,0
09 14,09 14 driving,driving,09,0.7069581829060063,0
09 14,09 14 walking,walking,09,0.7401290086950925,0.033170825789086145
09 15,09 15 driving,driving,09,0.6352299704165594,0
09 15,09 15 walking,walking,09,0.6368125358631068,0.001582565446547446
09 16,09 16 driving,driving,09,0.6049553719675707,0.009291760590465437
09 16,09 16 walking,walking,09,0.5956636113771052,0
09 17,09 17 driving,driving,09,0.7746997848143635,0.3331247696433215
09 17,09 17 walking,walking,09,0.44157501517104203,0
09 18,09 18 driving,driving,09,0.5358632520494045,0.15821970069604913
09 18,09 18 walking,walking,09,0.3776435513533554,0
09 19,09 19 driving,driving,09,0.5662384254140138,0.14939678416032998
09 19,09 19 walking,walking,09,0.41684164125368384,0
09 20,09 20 driving,driving,09,0.3988185201406608,0.10484298262622954
09 20,09 20 walking,walking,09,0.2939755375144313,0
09 21,09 21 driving,driving,09,1.0872828044084226,0.41864320338765415
09 21,09 21 walking,walking,09,0.6686396010207685,0
09 22,09 22 driving,driving,09,0.5787719405422469,0
09 22,09 22 walking,walking,09,0.6252447758048792,0.04647283526263235
09 23,09 23 driving,driving,09,0.6248018917849592,0.015657599317011273
09 23,09 23 walking,walking,09,0.6091442924679479,0
09 24,09 24 driving,driving,09,1.3795931730004,0.5544514075075613
09 24,09 24 walking,walking,09,0.8251417654928388,0
09 25,09 25 driving,driving,09,0.7332934218801362,0
09 25,09 25 walking,walking,09,0.7348834560704881,0.0015900341903518633
09 26,09 26 driving,driving,09,1.045977181366527,0.2834410151245602
09 26,09 26 walking,walking,09,0.7625361662419669,0
09 27,09 27 driving,driving,09,0.5807432546201319,0
09 27,09 27 walking,walking,09,0.6411403065034057,0.06039705188327382
09 28,09 28 driving,driving,09,0.613471372644892,0.16021042118432877
09 28,09 28 walking,walking,09,0.4532609514605633,0
09 29,09 29 driving,driving,09,1.1576296057715396,0.4561759006843593
09 29,09 29 walking,walking,09,0.7014537050871803,0
09 30,09 30 driving,driving,09,0.9660654438952849,0
09 30,09 30 walking,walking,09,0.9789300549132157,0.012864611017930794
09 31,09 31 driving,driving,09,0.9606158886306606,0.1126991085100707
09 31,09 31 walking,walking,09,0.8479167801205899,0
09 32,09 32 driving,driving,09,1.0475913316938683,0.13317689550634537
09 32,09 32 walking,walking,09,0.9144144361875229,0
10 01,10 01 driving,driving,10,0.3484743230155363,0.11281204429245792
10 01,10 01 walking,walking,10,0.2356622787230784,0
10 02,10 02 driving,driving,10,0.39607166940874483,0.11281204429245789
10 02,10 02 walking,walking,10,0.28325962511628694,0
10 03,10 03 driving,driving,10,0.682808331802097,0.24823604596942372
10 03,10 03 walking,walking,10,0.43457228583267327,0
10 04,10 04 driving,driving,10,0.676396104366715,0.1901810910654984
10 04,10 04 walking,walking,10,0.48621501330121664,0
10 05,10 05 driving,driving,10,0.7553211168344184,0.3280656909712878
10 05,10 05 walking,walking,10,0.4272554258631306,0
10 06,10 06 driving,driving,10,0.5495241496194857,0.22816204426115294
10 06,10 06 walking,walking,10,0.32136210535833276,0
10 07,10 07 driving,driving,10,0.4254890614482414,0.2131731530981418
10 07,10 07 walking,walking,10,0.21231590835009959,0
10 08,10 08 driving,driving,10,0.3305402201330773,0.09643006970562837
10 08,10 08 walking,walking,10,0.23411015042744895,0
10 09,10 09 driving,driving,10,0.37515903384531196,0.0963746033253236
10 09,10 09 walking,walking,10,0.27878443051998836,0
10 10,10 10 driving,driving,10,0.6694514713238161,0.4000667160399167
10 10,10 10 walking,walking,10,0.2693847552838994,0
10 11,10 11 driving,driving,10,0.7632539336951589,0.2604923367916582
10 11,10 11 walking,walking,10,0.5027615969035008,0
10 12,10 12 driving,driving,10,0.7164966770938505,0.12133676030100038
10 12,10 12 walking,walking,10,0.5951599167928501,0
10 13,10 13 driving,driving,10,0.7177859492960236,0.15121085024226855
10 13,10 13 walking,walking,10,0.566575099053755,0
10 14,10 14 driving,driving,10,0.7181782520267544,0.060996333387094426
10 14,10 14 walking,walking,10,0.65718191863966,0
10 15,10 15 driving,driving,10,0.6651000032241237,0.11117860658933532
10 15,10 15 walking,walking,10,0.5539213966347883,0
10 16,10 16 driving,driving,10,0.6348244837013869,0.1200631968917607
10 16,10 16 walking,walking,10,0.5147612868096262,0
10 17,10 17 driving,driving,10,0.7955117381241671,0.4264804125587432
10 17,10 17 walking,walking,10,0.3690313255654239,0
10 18,10 18 driving,driving,10,0.5654666662687308,0.09745561009611892
10 18,10 18 walking,walking,10,0.46801105617261185,0
10 19,10 19 driving,driving,10,0.5774591916836713,0.2435227928998998
10 19,10 19 walking,walking,10,0.3339363987837715,0
10 20,10 20 driving,driving,10,0.4100415762130893,0.1989712630338754
10 20,10 20 walking,walking,10,0.21107031317921388,0
10 21,10 21 driving,driving,10,1.098545550926273,0.513149096795801
10 21,10 21 walking,walking,10,0.5853964541304719,0
10 22,10 22 driving,driving,10,0.5892517772773983,0.04689404020774379
10 22,10 22 walking,walking,10,0.5423577370696545,0
10 23,10 23 driving,driving,10,0.6352817285201104,0.10842238363309598
10 23,10 23 walking,walking,10,0.5268593448870145,0
10 24,10 24 driving,driving,10,1.3908254482971345,0.6489124509753768
10 24,10 24 walking,walking,10,0.74191299732175775,0
10 25,10 25 driving,driving,10,0.7631611257920384,0.11117981994087045
10 25,10 25 walking,walking,10,0.651981305851168,0
10 26,10 26 driving,driving,10,1.0762462246627436,0.39672853651307616
10 26,10 26 walking,walking,10,0.6795176881496674,0
10 27,10 27 driving,driving,10,0.6106123378142543,0.05242221754987331
10 27,10 27 walking,walking,10,0.558190120264381,0
10 28,10 28 driving,driving,10,0.6431375837432238,0.15589199210304777
10 28,10 28 walking,walking,10,0.48724559164017606,0
10 29,10 29 driving,driving,10,1.1877879270805476,0.5697374544382785
10 29,10 29 walking,walking,10,0.6180504726422691,0
10 30,10 30 driving,driving,10,0.9770109292001407,0.08142082621425095
10 30,10 30 walking,walking,10,0.8955901029858897,0
10 31,10 31 driving,driving,10,0.9710957253658119,0.20592156565294806
10 31,10 31 walking,walking,10,0.7651741597128638,0
10 32,10 32 driving,driving,10,1.0580711684290196,0.22638994794127443
10 32,10 32 walking,walking,10,0.8316812204877452,0
11 01,11 01 driving,driving,11,0.34677505367515976,0.05539155737313539
11 01,11 01 walking,walking,11,0.29138349630202437,0
11 02,11 02 driving,driving,11,0.29960298338850494,0.05229046276225319
11 02,11 02 walking,walking,11,0.24731252062625175,0
11 03,11 03 driving,driving,11,0.43184647604387433,0.1529307980696888
11 03,11 03 walking,walking,11,0.27891567797418554,0
11 04,11 04 driving,driving,11,0.42542361738763845,0.09486734507953648
11 04,11 04 walking,walking,11,0.330556272308102,0
11 05,11 05 driving,driving,11,0.5043617780746283,0.23409359357766624
11 05,11 05 walking,walking,11,0.2702681844969621,0
11 06,11 06 driving,driving,11,0.2981751566680954,0.015228310978378845
11 06,11 06 walking,walking,11,0.28294684568971656,0
11 07,11 07 driving,driving,11,0.3705779738349751,0
11 07,11 07 walking,walking,11,0.3705779738349751,0
11 08,11 08 driving,driving,11,0.489164817696418,0.00409800831499918
11 08,11 08 walking,walking,11,0.48506680938141883,0
11 09,11 09 driving,driving,11,0.5328826869352283,0.0031415974612700737
11 09,11 09 walking,walking,11,0.5297410894739583,0
11 10,11 10 driving,driving,11,0.41846832167926534,0
11 10,11 10 walking,walking,11,0.41846832167926534,0
11 11,11 11 driving,driving,11,0.5123582984862511,0.16670765924521347
11 11,11 11 walking,walking,11,0.34565063924103767,0
11 12,11 12 driving,driving,11,0.4655489773297738,0.02718016567595588
11 12,11 12 walking,walking,11,0.4383688116538179,0
11 13,11 13 driving,driving,11,0.7044429598879118,0.29471099003676093
11 13,11 13 walking,walking,11,0.4097319698511509,0
11 14,11 14 driving,driving,11,0.4672401352992685,0
11 14,11 14 walking,walking,11,0.49399467709107125,0.026754541791802755
11 15,11 15 driving,driving,11,0.8237246007874643,0.3583983996355029
11 15,11 15 walking,walking,11,0.46532620115196144,0
11 16,11 16 driving,driving,11,0.7934490812647276,0.3572148732273992
11 16,11 16 walking,walking,11,0.4362342080373284,0
11 17,11 17 driving,driving,11,0.9895256211427533,0.4502395315732294
11 17,11 17 walking,walking,11,0.539286089569524,0
11 18,11 18 driving,driving,11,0.7240912638320715,0.003064971608368272
11 18,11 18 walking,walking,11,0.7210262922237032,0
11 19,11 19 driving,driving,11,0.3264824479434067,0.1493560550482814
11 19,11 19 walking,walking,11,0.1771263928951253,0
11 20,11 20 driving,driving,11,0.15906916158899376,0
11 20,11 20 walking,walking,11,0.15906916158899376,0
11 21,11 21 driving,driving,11,0.8478941483529218,0.4243406115235671
11 21,11 21 walking,walking,11,0.42355353682935465,0
11 22,11 22 driving,driving,11,0.3382709033301151,0
11 22,11 22 walking,walking,11,0.3805148197685372,0.04224391643842207
11 23,11 23 driving,driving,11,0.38459589423162116,0.013232358359061058
11 23,11 23 walking,walking,11,0.3713635358725601,0
11 24,11 24 driving,driving,11,1.139933858259805,0.5639987596555498
11 24,11 24 walking,walking,11,0.5759350986042553,0
11 25,11 25 driving,driving,11,0.6590705625097182,0.16509046591097315
11 25,11 25 walking,walking,11,0.49398009659874503,0
11 26,11 26 driving,driving,11,1.2348708222260842,0.3914627821691715
11 26,11 26 walking,walking,11,0.8434080400569127,0
11 27,11 27 driving,driving,11,0.769236935377595,0.21349536691840454
11 27,11 27 walking,walking,11,0.5557415684591904,0
11 28,11 28 driving,driving,11,0.8017621813065645,0.13839412270496954
11 28,11 28 walking,walking,11,0.663368058601595,0
11 29,11 29 driving,driving,11,1.3464125246438883,0.5642643844307059
11 29,11 29 walking,walking,11,0.7821481402131824,0
11 30,11 30 driving,driving,11,0.7259015213120249,0.016802771421862484
11 30,11 30 walking,walking,11,0.7090987498901624,0
11 31,11 31 driving,driving,11,0.7200089737727595,0.11166130946736275
11 31,11 31 walking,walking,11,0.6083476643053968,0
11 32,11 32 driving,driving,11,0.8063002290463651,0.131445503966087
11 32,11 32 walking,walking,11,0.6748547250802781,0
12 01,12 01 driving,driving,12,0.6437968980171052,0.1595850473798623
12 01,12 01 walking,walking,12,0.48421185063724287,0
12 02,12 02 driving,driving,12,0.4924771811932909,0.052318368041067154
12 02,12 02 walking,walking,12,0.44015881315222377,0
12 03,12 03 driving,driving,12,0.33500330806282835,0
12 03,12 03 walking,walking,12,0.33500330806282835,0
12 04,12 04 driving,driving,12,0.3285804494065924,0
12 04,12 04 walking,walking,12,0.3285804494065924,0
12 05,12 05 driving,driving,12,0.4075186100935823,0
12 05,12 05 walking,walking,12,0.42045332614039377,0.012934716046811456
12 06,12 06 driving,driving,12,0.49098249437577063,0.017210492482876927
12 06,12 06 walking,walking,12,0.4737720018928937,0
12 07,12 07 driving,driving,12,0.5634528428090984,0.0015966866324985673
12 07,12 07 walking,walking,12,0.5618561561765998,0
12 08,12 08 driving,driving,12,0.6819801466888222,0
12 08,12 08 walking,walking,12,0.6819969334541286,1.6786765306364693e-5
12 09,12 09 driving,driving,12,0.7251727337449039,0
12 09,12 09 walking,walking,12,0.726671213546668,0.0014984798017640966
12 10,12 10 driving,driving,12,0.6107583684889409,0
12 10,12 10 walking,walking,12,0.6107583684889409,0
12 11,12 11 driving,driving,12,0.4155151305052051,0
12 11,12 11 walking,walking,12,0.43779048263789144,0.022275352132686332
12 12,12 12 driving,driving,12,0.36870580934872776,0
12 12,12 12 walking,walking,12,0.40764180279833867,0.038935993449610906
12 13,12 13 driving,driving,12,0.6075997919068659,0.07491756419516882
12 13,12 13 walking,walking,12,0.532682227711697,0
12 14,12 14 driving,driving,12,0.3703969673182225,0
12 14,12 14 walking,walking,12,0.40430225546571175,0.03390528814748922
12 15,12 15 driving,driving,12,0.6602827295534629,0.0721122214174541
12 15,12 15 walking,walking,12,0.5881705081360088,0
12 16,12 16 driving,driving,12,0.6905601620288658,0.13150458333760107
12 16,12 16 walking,walking,12,0.5590555786912648,0
12 17,12 17 driving,driving,12,0.8926824531617074,0.2118775396000374
12 17,12 17 walking,walking,12,0.6808049135616699,0
12 18,12 18 driving,driving,12,0.9157268635917215,0.10286240776446787
12 18,12 18 walking,walking,12,0.8128644558272536,0
12 19,12 19 driving,driving,12,0.2296392799623607,0
12 19,12 19 walking,walking,12,0.2296392799623607,0
12 20,12 20 driving,driving,12,0.35250594016132836,0
12 20,12 20 walking,walking,12,0.35250594016132836,0
12 21,12 21 driving,driving,12,0.7510509803718758,0.4168845429008532
12 21,12 21 walking,walking,12,0.3341664374710226,0
12 22,12 22 driving,driving,12,0.2421785849217304,0
12 22,12 22 walking,walking,12,0.29077161225513337,0.04859302733340298
12 23,12 23 driving,driving,12,0.288015298184691,0.01334110470042471
12 23,12 23 walking,walking,12,0.2746741934842663,0
12 24,12 24 driving,driving,12,1.0444575456051026,0.5897285610835385
12 24,12 24 walking,walking,12,0.45472898452156413,0
12 25,12 25 driving,driving,12,0.5622273945286721,0.022151931557036764
12 25,12 25 walking,walking,12,0.5400754629716353,0
12 26,12 26 driving,driving,12,1.1866666603562195,0.2664401882484566
12 26,12 26 walking,walking,12,0.9202264721077629,0
12 27,12 27 driving,driving,12,0.7086595535620991,0.029901321255639934
12 27,12 27 walking,walking,12,0.6787582323064592,0
12 28,12 28 driving,driving,12,0.9935955066292638,0.20802795109558192
12 28,12 28 walking,walking,12,0.7855675555336818,0
12 29,12 29 driving,driving,12,1.2174083551376986,0.3125537059130892
12 29,12 29 walking,walking,12,0.9048546492246095,0
12 30,12 30 driving,driving,12,0.6290583533309789,0
12 30,12 30 walking,walking,12,0.642072556075199,0.01301420274422005
12 31,12 31 driving,driving,12,0.6239942295234989,0.1415917639387696
12 31,12 31 walking,walking,12,0.4824024655847293,0
12 32,12 32 driving,driving,12,0.7106362090455551,0.16173608739389278
12 32,12 32 walking,walking,12,0.5489001216516624,0
13 01,13 01 driving,driving,13,1.272846946504669,0.21074633683424437
13 01,13 01 walking,walking,13,1.0621006096704246,0
13 02,13 02 driving,driving,13,1.224597771892666,0.20749307796480543
13 02,13 02 walking,walking,13,1.0171046939278605,0
13 03,13 03 driving,driving,13,0.9632370558331104,0.05128480242858102
13 03,13 03 walking,walking,13,0.9119522534045293,0
13 04,13 04 driving,driving,13,0.9568248594022861,0.08967772818431596
13 04,13 04 walking,walking,13,0.8671471312179702,0
13 05,13 05 driving,driving,13,1.0357498408654318,0.06968497995393397
13 05,13 05 walking,walking,13,0.9660648609114978,0
13 06,13 06 driving,driving,13,1.2231030850751456,0.17238314062383897
13 06,13 06 walking,walking,13,1.0507199444513067,0
13 07,13 07 driving,driving,13,1.296657846216112,0.15785274469781108
13 07,13 07 walking,walking,13,1.138805101518301,0
13 08,13 08 driving,driving,13,1.3102497158714013,0.052293722772842166
13 08,13 08 walking,walking,13,1.257955993098559,0
13 09,13 09 driving,driving,13,1.3542222071590397,0.11515276698629706
13 09,13 09 walking,walking,13,1.2390694401727427,0
13 10,13 10 driving,driving,13,1.239807470633204,0.11510893458239901
13 10,13 10 walking,walking,13,1.124698536050805,0
13 11,13 11 driving,driving,13,1.0445651822536124,0.09266536180548468
13 11,13 11 walking,walking,13,0.9518998204481277,0
13 12,13 12 driving,driving,13,0.9978572473880725,0.06303379779252594
13 12,13 12 walking,walking,13,0.9348234495955465,0
13 13,13 13 driving,driving,13,1.236754617509687,0.1902552864138105
13 13,13 13 walking,walking,13,1.0464993310958766,0
13 14,13 14 driving,driving,13,0.9995540100164607,0.0812523474107687
13 14,13 14 walking,walking,13,0.918301662605692,0
13 15,13 15 driving,driving,13,1.2894501470137498,0.18735658461706262
13 15,13 15 walking,walking,13,1.1020935623966872,0
13 16,13 16 driving,driving,13,1.319727286643316,0.24672571736126203
13 16,13 16 walking,walking,13,1.073001569282054,0
13 17,13 17 driving,driving,13,1.5218513090890358,0.3269843376886008
13 17,13 17 walking,walking,13,1.194866971400435,0
13 18,13 18 driving,driving,13,1.5446838645048286,0.21788587495239953
13 18,13 18 walking,walking,13,1.3267979895524291,0
13 19,13 19 driving,driving,13,0.8578896325916766,0.007896764779697252
13 19,13 19 walking,walking,13,0.8499928678119794,0
13 20,13 20 driving,driving,13,0.9801602109384058,0.007300520059230431
13 20,13 20 walking,walking,13,0.9728596908791753,0
13 21,13 21 driving,driving,13,0.8711607734001379,0.13050761090500806
13 21,13 21 walking,walking,13,0.7406531624951298,0
13 22,13 22 driving,driving,13,0.8704231477199097,0.11547973091592867
13 22,13 22 walking,walking,13,0.754943416803981,0
13 23,13 23 driving,driving,13,0.916453098962622,0.11077404256105139
13 23,13 23 walking,walking,13,0.8056790564015706,0
13 24,13 24 driving,driving,13,0.8127264895129441,0.06589204765547474
13 24,13 24 walking,walking,13,0.7468344418574694,0
13 25,13 25 driving,driving,13,1.1913822201314934,0.13702876479475679
13 25,13 25 walking,walking,13,1.0543534553367366,0
13 26,13 26 driving,driving,13,2.055291279134985,0.6363727883192782
13 26,13 26 walking,walking,13,1.4189184908157066,0
13 27,13 27 driving,driving,13,1.3378292552290787,0.1453203255251625
13 27,13 27 walking,walking,13,1.1925089297039162,0
13 28,13 28 driving,driving,13,1.6210851749244815,0.3209166821146925
13 28,13 28 walking,walking,13,1.300168492809789,0
13 29,13 29 driving,driving,13,1.8468134387264896,0.4278979372685816
13 29,13 29 walking,walking,13,1.418915501457908,0
13 30,13 30 driving,driving,13,1.2583786537529906,0.22915278392054472
13 30,13 30 walking,walking,13,1.029225869832446,0
13 31,13 31 driving,driving,13,1.2444130171902692,0.37218672301877065
13 31,13 31 walking,walking,13,0.8722262941714986,0
13 32,13 32 driving,driving,13,1.331388460253477,0.46471054859636374
13 32,13 32 walking,walking,13,0.8666779116571132,0
14 01,14 01 driving,driving,14,1.396380536904755,0.3274864494771883
14 01,14 01 walking,walking,14,1.0688940874275668,0
14 02,14 02 driving,driving,14,1.3481315612043259,0.32423007978607665
14 02,14 02 walking,walking,14,1.0239014814182492,0
14 03,14 03 driving,driving,14,1.4025784976601865,0.48384316036215624
14 03,14 03 walking,walking,14,0.9187353372980303,0
14 04,14 04 driving,driving,14,1.3961556390039507,0.5220710416855321
14 04,14 04 walking,walking,14,0.8740845973184186,0
14 05,14 05 driving,driving,14,1.4750937996909406,0.4994191329741915
14 05,14 05 walking,walking,14,0.9756746667167491,0
14 06,14 06 driving,driving,14,1.3467282291775904,0.2887415414231298
14 06,14 06 walking,walking,14,1.0579866877544606,0
14 07,14 07 driving,driving,14,1.420186629674504,0.27456976493781404
14 07,14 07 walking,walking,14,1.14561686473669,0
14 08,14 08 driving,driving,14,1.807587885097591,0.542848622621372
14 08,14 08 walking,walking,14,1.264739262476219,0
14 09,14 09 driving,driving,14,1.4777118671649159,0.22903223326529587
14 09,14 09 walking,walking,14,1.24867963389962,0
14 10,14 10 driving,driving,14,1.3633362322372646,0.22902760421437662
14 10,14 10 walking,walking,14,1.134308628022888,0
14 11,14 11 driving,driving,14,1.168093125883087,0.2065834996297079
14 11,14 11 walking,walking,14,0.961509626253379,0
14 12,14 12 driving,driving,14,1.1213417459303416,0.1905297003147981
14 12,14 12 walking,walking,14,0.9308120456155435,0
14 13,14 13 driving,driving,14,1.260403998280753,0.20429486137962516
14 13,14 13 walking,walking,14,1.0561091369011277,0
14 14,14 14 driving,driving,14,1.1230287274670008,0.21815334645593443
14 14,14 14 walking,walking,14,0.9048753810110663,0
14 15,14 15 driving,driving,14,1.313090318155465,0.20138694995352657
14 15,14 15 walking,walking,14,1.1117033682019384,0
14 16,14 16 driving,driving,14,1.3433663387053767,0.2607549636180715
14 16,14 16 walking,walking,14,1.0826113750873052,0
14 17,14 17 driving,driving,14,1.5455126465992841,0.341035869393598
14 17,14 17 walking,walking,14,1.2044767772056861,0
14 18,14 18 driving,driving,14,1.668019786050645,0.33161199069296465
14 18,14 18 walking,walking,14,1.3364077953576803,0
14 19,14 19 driving,driving,14,1.2972087259624487,0.38133320935446524
14 19,14 19 walking,walking,14,0.9158755166079835,0
14 20,14 20 driving,driving,14,1.4200757455629767,0.38133360269972205
14 20,14 20 walking,walking,14,1.0387421428632546,0
14 21,14 21 driving,driving,14,0.9946924795811054,0.24714302715402514
14 21,14 21 walking,walking,14,0.7475494524270803,0
14 22,14 22 driving,driving,14,1.309752531393353,0.547980528390911
14 22,14 22 walking,walking,14,0.7617720030024419,0
14 23,14 23 driving,driving,14,1.3555892446563136,0.5424813138831832
14 23,14 23 walking,walking,14,0.8131079307731304,0
14 24,14 24 driving,driving,14,0.9363270389801821,0.2570382654064146
14 24,14 24 walking,walking,14,0.6792887735737675,0
14 25,14 25 driving,driving,14,1.2150377449585548,0.17469322618733174
14 25,14 25 walking,walking,14,1.040344518771223,0
14 26,14 26 driving,driving,14,2.2449800419045443,0.8708604882659048
14 26,14 26 walking,walking,14,1.3741195536386395,0
14 27,14 27 driving,driving,14,1.3614617646417269,0.1593430291325595
14 27,14 27 walking,walking,14,1.2021187355091674,0
14 28,14 28 driving,driving,14,1.7454542174553265,0.43570899180375466
14 28,14 28 walking,walking,14,1.3097452256515718,0
14 29,14 29 driving,driving,14,2.275600336507965,0.8470750292448057
14 29,14 29 walking,walking,14,1.4285253072631592,0
14 30,14 30 driving,driving,14,1.0364256660523414,0.12443386886109009
14 30,14 30 walking,walking,14,0.9119917971912513,0
14 31,14 31 driving,driving,14,1.367931914423386,0.5490369287543305
14 31,14 31 walking,walking,14,0.8188949856690554,0
14 32,14 32 driving,driving,14,1.454573893945442,0.6343682034971004
14 32,14 32 walking,walking,14,0.8202056904483416,0
15 01,15 01 driving,driving,15,1.130924799599568,0.08307282572500374
15 01,15 01 walking,walking,15,1.0478519738745642,0
15 02,15 02 driving,driving,15,1.0826758238991385,0.11084875692077156
15 02,15 02 walking,walking,15,0.971827066978367,0
15 03,15 03 driving,driving,15,1.1371037474449954,0.2923972850893283
15 03,15 03 walking,walking,15,0.8447064623556672,0
15 04,15 04 driving,driving,15,1.1306808887887596,0.33142131667549635
15 04,15 04 walking,walking,15,0.7992595721132633,0
15 05,15 05 driving,driving,15,1.2096190494757495,0.352415511972085
15 05,15 05 walking,walking,15,0.8572035375036645,0
15 06,15 06 driving,driving,15,1.0812724918724033,0.12602793186020278
15 06,15 06 walking,walking,15,0.9552445600122005,0
15 07,15 07 driving,driving,15,1.1547308923693167,0.11193207373977332
15 07,15 07 walking,walking,15,1.0427988186295434,0
15 08,15 08 driving,driving,15,1.542132152826435,0.37920886342160265
15 08,15 08 walking,walking,15,1.1629232894048322,0
15 09,15 09 driving,driving,15,1.2122561348937597,0.11085288326832554
15 09,15 09 walking,walking,15,1.1014032516254342,0
15 10,15 10 driving,driving,15,1.097880496313088,0.16986131193667153
15 10,15 10 walking,walking,15,0.9280191843764164,0
15 11,15 11 driving,driving,15,0.9026373885778997,0.14898037802094177
15 11,15 11 walking,walking,15,0.7536570105569579,0
15 12,15 12 driving,driving,15,0.8558812857193158,0.18444195205293235
15 12,15 12 walking,walking,15,0.6714393336663834,0
15 13,15 13 driving,driving,15,0.679507082505597,0
15 13,15 13 walking,walking,15,0.7184693781747242,0.038962295669127234
15 14,15 14 driving,driving,15,0.857568267255975,0.22557436599005332
15 14,15 14 walking,walking,15,0.6319939012659217,0
15 15,15 15 driving,driving,15,0.732193402380309,0
15 15,15 15 walking,walking,15,0.7323331705873124,1.3976820700334347e-4
15 16,15 16 driving,driving,15,0.7624694229302206,0
15 16,15 16 walking,walking,15,0.8265825217742822,0.06411309884406158
15 17,15 17 driving,driving,15,0.9646157308241281,0.040331803803458466
15 17,15 17 walking,walking,15,0.9242839270206696,0
15 18,15 18 driving,driving,15,0.9909304246206522,0
15 18,15 18 walking,walking,15,0.9911171519964529,1.8672737580072152e-4
15 19,15 19 driving,driving,15,1.0317339757472577,0.08088753082956368
15 19,15 19 walking,walking,15,0.950846444917694,0
15 20,15 20 driving,driving,15,1.1546009953477854,0.1094741507954271
15 20,15 20 walking,walking,15,1.0451268445523583,0
15 21,15 21 driving,driving,15,0.7292275232950903,0
15 21,15 21 walking,walking,15,0.8057626764147633,0.07653515311967296
15 22,15 22 driving,driving,15,1.0442777811781618,0.2527948489519263
15 22,15 22 walking,walking,15,0.7914829322262356,0
15 23,15 23 driving,driving,15,1.0901144944411225,0.19790896747549036
15 23,15 23 walking,walking,15,0.8922055269656322,0
15 24,15 24 driving,driving,15,0.8076275770077792,0.05186126579415007
15 24,15 24 walking,walking,15,0.7557663112136291,0
15 25,15 25 driving,driving,15,0.6341408291833988,0
15 25,15 25 walking,walking,15,0.6342705885812976,1.2975939789883206e-4
15 26,15 26 driving,driving,15,1.1918422884477582,0.2660212830049321
15 26,15 26 walking,walking,15,0.9258210054428261,0
15 27,15 27 driving,driving,15,0.7805648488665708,0
15 27,15 27 walking,walking,15,0.8229100167732933,0.04234516790672249
15 28,15 28 driving,driving,15,1.0677074538685127,0.09712214515892326
15 28,15 28 walking,walking,15,0.9705853087095895,0
15 29,15 29 driving,driving,15,1.2224625830511788,0.18500450182990713
15 29,15 29 walking,walking,15,1.0374580812212717,0
15 30,15 30 driving,driving,15,0.4555287502771854,0
15 30,15 30 walking,walking,15,0.4635420548546701,0.00801330457748467
15 31,15 31 driving,driving,15,1.1024571642081948,0.4992580005071392
15 31,15 31 walking,walking,15,0.6031991637010556,0
15 32,15 32 driving,driving,15,1.189099143730251,0.6624171956398103
15 32,15 32 walking,walking,15,0.5266819480904407,0
16 01,16 01 driving,driving,16,1.1865373362192302,0.08972638871384642
16 01,16 01 walking,walking,16,1.0968109475053838,0
16 02,16 02 driving,driving,16,1.2341329761212225,0.09171041081473597
16 02,16 02 walking,walking,16,1.1424225653064866,0
16 03,16 03 driving,driving,16,1.5374310217210694,0.3394937965198497
16 03,16 03 walking,walking,16,1.1979372252012197,0
16 04,16 04 driving,driving,16,1.5310081630648336,0.3784860486934267
16 04,16 04 walking,walking,16,1.1525221143714068,0
16 05,16 05 driving,driving,16,1.6099463237518234,0.46403940673501265
16 05,16 05 walking,walking,16,1.1459069170168108,0
16 06,16 06 driving,driving,16,1.2846840480642239,0.155934620477453
16 06,16 06 walking,walking,16,1.1287494275867709,0
16 07,16 07 driving,driving,16,1.263553873200081,0.2063243592427506
16 07,16 07 walking,walking,16,1.0572295139573304,0
16 08,16 08 driving,driving,16,1.3451579228773765,0.2748633016207367
16 08,16 08 walking,walking,16,1.0702946212566398,0
16 09,16 09 driving,driving,16,1.0153336170105864,0.0065587598622181
16 09,16 09 walking,walking,16,1.0087748571483683,0
16 10,16 10 driving,driving,16,1.3129671490050467,0.4034185421101899
16 10,16 10 walking,walking,16,0.9095486068948568,0
16 11,16 11 driving,driving,16,1.5129565264851008,0.40333293990735264
16 11,16 11 walking,walking,16,1.1096235865777482,0
16 12,16 12 driving,driving,16,1.466253750754687,0.4419110264744619
16 12,16 12 walking,walking,16,1.024342724280225,0
16 13,16 13 driving,driving,16,1.0131801393885425,0.034641700112796325
16 13,16 13 walking,walking,16,0.9785384392757461,0
16 14,16 14 driving,driving,16,1.5728246809764637,0.5207224088121831
16 14,16 14 walking,walking,16,1.0521022721642805,0
16 15,16 15 driving,driving,16,0.9604943573713121,0.03752009153112168
16 15,16 15 walking,walking,16,0.9229742658401904,0
16 16,16 16 driving,driving,16,0.9302177112142463,0
16 16,16 16 walking,walking,16,0.9357647647630511,0.005547053548804803
16 17,16 17 driving,driving,16,0.8487955320971269,0
16 17,16 17 walking,walking,16,0.8670867668734803,0.018291234776353416
16 18,16 18 driving,driving,16,0.8749598075351366,0.005096930665091981
16 18,16 18 walking,walking,16,0.8698628768700446,0
16 19,16 19 driving,driving,16,1.6467456981364788,0.3426665433632705
16 19,16 19 walking,walking,16,1.3040791547732082,0
16 20,16 20 driving,driving,16,1.3700936874921164,0.14064574775111338
16 20,16 20 walking,walking,16,1.229447939741003,0
16 21,16 21 driving,driving,16,1.3395572767667523,0.18067270332015717
16 21,16 21 walking,walking,16,1.1588845734465951,0
16 22,16 22 driving,driving,16,1.4446032340139072,0.2999838828581898
16 22,16 22 walking,walking,16,1.1446193511557174,0
16 23,16 23 driving,driving,16,1.4907843083958459,0.24470286990674306
16 23,16 23 walking,walking,16,1.2460814384891028,0
16 24,16 24 driving,driving,16,1.4180526454462652,0.24830743670203126
16 24,16 24 walking,walking,16,1.169745208744234,0
16 25,16 25 driving,driving,16,1.0585553158845573,0.07098376128543693
16 25,16 25 walking,walking,16,0.9875715545991204,0
16 26,16 26 driving,driving,16,0.65797801757942,0
16 26,16 26 walking,walking,16,0.6610155594104684,0.0030375418310484292
16 27,16 27 driving,driving,16,0.90600670376553,0.02588241105926481
16 27,16 27 walking,walking,16,0.8801242927062652,0
16 28,16 28 driving,driving,16,0.9521804250084679,0.19650458378706293
16 28,16 28 walking,walking,16,0.755675841221405,0
16 29,16 29 driving,driving,16,0.6887041314580036,0
16 29,16 29 walking,walking,16,0.6917197556534623,0.003015624195458755
16 30,16 30 driving,driving,16,1.0654010451151965,0.07462332481548284
16 30,16 30 walking,walking,16,0.9907777202997137,0
16 31,16 31 driving,driving,16,1.8264188786156759,0.732879826104007
16 31,16 31 walking,walking,16,1.0935390525116688,0
16 32,16 32 driving,driving,16,1.913060858137732,0.8178835906104251
16 32,16 32 walking,walking,16,1.0951772675273068,0
17 01,17 01 driving,driving,17,1.2248301587667656,0.2755548344282871
17 01,17 01 walking,walking,17,0.9492753243384785,0
17 02,17 02 driving,driving,17,1.1765809814508046,0.2723015728548902
17 02,17 02 walking,walking,17,0.9042794085959144,0
17 03,17 03 driving,driving,17,1.2309920252440778,0.4318650571714945
17 03,17 03 walking,walking,17,0.7991269680725833,0
17 04,17 04 driving,driving,17,1.224579797808696,0.47025461481406605
17 04,17 04 walking,walking,17,0.75432518299463,0
17 05,17 05 driving,driving,17,1.3035048102763993,0.45026189758824164
17 05,17 05 walking,walking,17,0.8532429126881577,0
17 06,17 06 driving,driving,17,1.175153154730395,0.2372584956110344
17 06,17 06 walking,walking,17,0.9378946591193607,0
17 07,17 07 driving,driving,17,1.2486410584782088,0.22266124229185413
17 07,17 07 walking,walking,17,1.0259798161863547,0
17 08,17 08 driving,driving,17,1.6360303003613543,0.49089976671452984
17 08,17 08 walking,walking,17,1.1451305336468245,0
17 09,17 09 driving,driving,17,1.3062059944945645,0.179958502545162
17 09,17 09 walking,walking,17,1.1262474919494025,0
17 10,17 10 driving,driving,17,1.1917916292386015,0.17991504141113657
17 10,17 10 walking,walking,17,1.011876587827465,0
17 11,17 11 driving,driving,17,0.9965475306165852,0.1574696583917976
17 11,17 11 walking,walking,17,0.8390778722247876,0
17 12,17 12 driving,driving,17,0.9498444714332734,0.12784297006106704
17 12,17 12 walking,walking,17,0.8220015013722064,0
17 13,17 13 driving,driving,17,1.1887409294336981,0.2550635465611617
17 13,17 13 walking,walking,17,0.9336773828725364,0
17 14,17 14 driving,driving,17,0.9515412340616617,0.14606151967930991
17 14,17 14 walking,walking,17,0.8054797143823518,0
17 15,17 15 driving,driving,17,1.241423867080295,0.2521522529069481
17 15,17 15 walking,walking,17,0.989271614173347,0
17 16,17 16 driving,driving,17,1.271701299555698,0.3115216784969841
17 16,17 16 walking,walking,17,0.9601796210587139,0
17 17,17 17 driving,driving,17,1.4738235906885397,0.3917785675114449
17 17,17 17 walking,walking,17,1.0820450231770948,0
17 18,17 18 driving,driving,17,1.4967601243413822,0.2827840830122934
17 18,17 18 walking,walking,17,1.2139760413290888,0
17 19,17 19 driving,driving,17,1.125642721220787,0.3293774539328629
17 19,17 19 walking,walking,17,0.796265267287924,0
17 20,17 20 driving,driving,17,1.2485087669979906,0.3293764801095387
17 20,17 20 walking,walking,17,0.9191322868884519,0
17 21,17 21 driving,driving,17,0.823147997445339,0.1953167831735494
17 21,17 21 walking,walking,17,0.6278312142717896,0
17 22,17 22 driving,driving,17,1.1381764002538854,0.49605493167324455
17 22,17 22 walking,walking,17,0.6421214685806409,0
17 23,17 23 driving,driving,17,1.184188412667364,0.49133464159773965
17 23,17 23 walking,walking,17,0.6928537710696244,0
17 24,17 24 driving,driving,17,0.7647441045626634,0.16997733452036923
17 24,17 24 walking,walking,17,0.5947667700422942,0
17 25,17 25 driving,driving,17,1.1433685320555045,0.20183702494210798
17 25,17 25 walking,walking,17,0.9415315071133965,0
17 26,17 26 driving,driving,17,2.0068742713571672,0.7258076597161172
17 26,17 26 walking,walking,17,1.28106661164105,0
17 27,17 27 driving,driving,17,1.2898006910889315,0.21011370960835563
17 27,17 27 walking,walking,17,1.0796869814805758,0
17 28,17 28 driving,driving,17,1.5742206585819667,0.38687411399551785
17 28,17 28 walking,walking,17,1.1873465445864488,0
17 29,17 29 driving,driving,17,1.798549492664531,0.492455939429963
17 29,17 29 walking,walking,17,1.3060935532345679,0
17 30,17 30 driving,driving,17,1.210199490857811,0.3280636172045629
17 30,17 30 walking,walking,17,0.8821358736532482,0
17 31,17 31 driving,driving,17,1.1964089286709811,0.4620359465333991
17 31,17 31 walking,walking,17,0.7343729821375821,0
17 32,17 32 driving,driving,17,1.2831232316145673,0.5635767618186285
17 32,17 32 walking,walking,17,0.7195464697959388,0
18 01,18 01 driving,driving,18,0.8698242746426534,0.3217965900276214
18 01,18 01 walking,walking,18,0.548027684615032,0
18 02,18 02 driving,driving,18,0.718637985178939,0.2146890907221094
18 02,18 02 walking,walking,18,0.5039488944568296,0
18 03,18 03 driving,driving,18,0.5610890858503913,0.16231102234648348
18 03,18 03 walking,walking,18,0.3987780635039078,0
18 04,18 04 driving,driving,18,0.554676889419567,0.19483572850074526
18 04,18 04 walking,walking,18,0.3598411609188218,0
18 05,18 05 driving,driving,18,0.6336018708827127,0.1748254728760228
18 05,18 05 walking,walking,18,0.4587763980066899,0
18 06,18 06 driving,driving,18,0.7175797736389453,0.17955035967860722
18 06,18 06 walking,walking,18,0.5380294139603381,0
18 07,18 07 driving,driving,18,0.7896097368301155,0.16456731378237832
18 07,18 07 walking,walking,18,0.6250424230477372,0
18 08,18 08 driving,driving,18,0.9081872172473751,0.16239989131113253
18 08,18 08 walking,walking,18,0.7457873259362425,0
18 09,18 09 driving,driving,18,0.9511556099368452,0.2193875051799168
18 09,18 09 walking,walking,18,0.7317681047569284,0
18 10,18 10 driving,driving,18,0.8367799713561735,0.2193875051799168
18 10,18 10 walking,walking,18,0.6173924661762568,0
18 11,18 11 driving,driving,18,0.6415368636209853,0.19693840255854617
18 11,18 11 walking,walking,18,0.4445984610624391,0
18 12,18 12 driving,driving,18,0.5947744385642908,0.16725695926789264
18 12,18 12 walking,walking,18,0.42751747929639816,0
18 13,18 13 driving,driving,18,0.8336503627904853,0.29444682015220336
18 13,18 13 walking,walking,18,0.539203542638282,0
18 14,18 14 driving,driving,18,0.59646142010095,0.18546572779440645
18 14,18 14 walking,walking,18,0.4109956923065436,0
18 15,18 15 driving,driving,18,0.8863396025997567,0.29158053875409773
18 15,18 15 walking,walking,18,0.594759063845659,0
18 16,18 16 driving,driving,18,0.9166171529932113,0.3509735728317198
18 16,18 16 walking,walking,18,0.5656435801614915,0
18 17,18 17 driving,driving,18,1.118769617952144,0.4312034450862384
18 17,18 17 walking,walking,18,0.6875661728659056,0
18 18,18 18 driving,driving,18,1.1414635288225745,0.3219713780483363
18 18,18 18 walking,walking,18,0.8194921507742382,0
18 19,18 19 driving,driving,18,0.45574166260895754,0.1623127392234754
18 19,18 19 walking,walking,18,0.29342892338548215,0
18 20,18 20 driving,driving,18,0.5786082888642288,0.1623127392234754
18 20,18 20 walking,walking,18,0.4162955496407534,0
18 21,18 21 driving,driving,18,0.9767859367494068,0.7434178155007896
18 21,18 21 walking,walking,18,0.23336812124861725,0
18 22,18 22 driving,driving,18,0.4682751777371907,0.2206308148315534
18 22,18 22 walking,walking,18,0.2476443629056373,0
18 23,18 23 driving,driving,18,0.5143051289799029,0.21532058970146745
18 23,18 23 walking,walking,18,0.29898453927843543,0
18 24,18 24 driving,driving,18,1.2706383444577622,0.9333619667662431
18 24,18 24 walking,walking,18,0.3372763776915192,0
18 25,18 25 driving,driving,18,0.7882841094682872,0.2412330670352908
18 25,18 25 walking,walking,18,0.5470510424329964,0
18 26,18 26 driving,driving,18,1.412544369599993,0.49990151360468127
18 26,18 26 walking,walking,18,0.9126428559953118,0
18 27,18 27 driving,driving,18,0.9347183751746576,0.24939898138717054
18 27,18 27 walking,walking,18,0.6853193937874871,0
18 28,18 28 driving,driving,18,1.2189621592278157,0.42637561054009165
18 28,18 28 walking,walking,18,0.792586548687724,0
18 29,18 29 driving,driving,18,1.4431646642034137,0.5312956523042826
18 29,18 29 walking,walking,18,0.9118690118991312,0
18 30,18 30 driving,driving,18,0.8555685762362691,0.283154687220183
18 30,18 30 walking,walking,18,0.5724138890160861,0
18 31,18 31 driving,driving,18,0.8501191258256043,0.4851337431150599
18 31,18 31 walking,walking,18,0.3649853827105444,0
18 32,18 32 driving,driving,18,0.9370945688888119,0.505540549956554
18 32,18 32 walking,walking,18,0.4315540189322579,0
19 01,19 01 driving,driving,19,0.5592408544978706,0.09936842517552485
19 01,19 01 walking,walking,19,0.4598724293223458,0
19 02,19 02 driving,driving,19,0.606836494399863,0.09936947710857225
19 02,19 02 walking,walking,19,0.5074670172912907,0
19 03,19 03 driving,driving,19,0.910134367959614,0.2513557396981213
19 03,19 03 walking,walking,19,0.6587786282614927,0
19 04,19 04 driving,driving,19,1.0148551057500494,0.3044337500200134
19 04,19 04 walking,walking,19,0.7104213557300361,0
19 05,19 05 driving,driving,19,1.0937968568470646,0.4438307290912554
19 05,19 05 walking,walking,19,0.6499661277558092,0
19 06,19 06 driving,driving,19,0.6573875663428643,0.11181911855571214
19 06,19 06 walking,walking,19,0.5455684477871522,0
19 07,19 07 driving,driving,19,0.6362573914787215,0.19973514069980253
19 07,19 07 walking,walking,19,0.436522250778919,0
19 08,19 08 driving,driving,19,0.5413144732032824,0.17487013404052865
19 08,19 08 walking,walking,19,0.36644433916275376,0
19 09,19 09 driving,driving,19,0.5859887532958218,0.12140349788202737
19 09,19 09 walking,walking,19,0.4645852554137944,0
19 10,19 10 driving,driving,19,0.6856706672836871,0.19227205561700833
19 10,19 10 walking,walking,19,0.49339861166667875,0
19 11,19 11 driving,driving,19,1.1017764841989022,0.37503611939442494
19 11,19 11 walking,walking,19,0.7267403648044772,0
19 12,19 12 driving,driving,19,1.0549671629426194,0.23080005889937527
19 12,19 12 walking,walking,19,0.8241671040432441,0
19 13,19 13 driving,driving,19,0.9285733611364427,0.17451287876266453
19 13,19 13 walking,walking,19,0.7540604823737782,0
19 14,19 14 driving,driving,19,1.056657480789933,0.17542539461574902
19 14,19 14 walking,walking,19,0.8812320861741839,0
19 15,19 15 driving,driving,19,0.8758918028228233,0.13997238402318257
19 15,19 15 walking,walking,19,0.7359194187996407,0
19 16,19 16 driving,driving,19,0.8456150116918227,0.1484652437092101
19 16,19 16 walking,walking,19,0.6971497679826126,0
19 17,19 17 driving,driving,19,1.077314740997302,0.5331290432644842
19 17,19 17 walking,walking,19,0.5441856977328179,0
19 18,19 18 driving,driving,19,0.7764337964290758,0.2943487976252215
19 18,19 18 walking,walking,19,0.48208499880385436,0
19 19,19 19 driving,driving,19,0.9159289918173766,0.2543802833300265
19 19,19 19 walking,walking,19,0.6615487084873501,0
19 20,19 20 driving,driving,19,0.7486058237644062,0.20992320088161365
19 20,19 20 walking,walking,19,0.5386826228827926,0
19 21,19 21 driving,driving,19,1.3267040948464546,0.5168944007844275
19 21,19 21 walking,walking,19,0.8098096940620271,0
19 22,19 22 driving,driving,19,0.8173025147789281,0.05074329966595004
19 22,19 22 walking,walking,19,0.7665592151129781,0
19 23,19 23 driving,driving,19,0.8634876546343904,0.11246223517450771
19 23,19 23 walking,walking,19,0.7510254194598827,0
19 24,19 24 driving,driving,19,1.7294538139633293,0.763208970991399
19 24,19 24 walking,walking,19,0.9662448429719304,0
19 25,19 25 driving,driving,19,0.9739493748150415,0.13141571954383402
19 25,19 25 walking,walking,19,0.8425336552712075,0
19 26,19 26 driving,driving,19,1.2870412110592317,0.3833171804807449
19 26,19 26 walking,walking,19,0.9037240305784868,0
19 27,19 27 driving,driving,19,0.8214041919350692,0.0737511288272249
19 27,19 27 walking,walking,19,0.7476530631078443,0
19 28,19 28 driving,driving,19,1.0104389540013943,0.44911374627903866
19 28,19 28 walking,walking,19,0.5613252077223556,0
19 29,19 29 driving,driving,19,1.3986851812966365,0.556428366225548
19 29,19 29 walking,walking,19,0.8422568150710885,0
19 30,19 30 driving,driving,19,1.2051694731203222,0.12792259202236123
19 30,19 30 walking,walking,19,1.077246881097961,0
19 31,19 31 driving,driving,19,1.199122145687197,0.20587193691106098
19 31,19 31 walking,walking,19,0.993250208776136,0
19 32,19 32 driving,driving,19,1.3964788791661904,0.33666807952698763
19 32,19 32 walking,walking,19,1.0598107996392028,0
